store,workload,concurrency,operations,duration (ns),throughput
basic,50% conflict 50% reads,1,5000,4206546,1188623.636
basic,50% conflict 50% reads,2,10000,6698355,1492903.855
basic,50% conflict 50% reads,3,15000,11251777,1333122.759
basic,50% conflict 50% reads,4,20000,10642889,1879189.006
basic,50% conflict 50% reads,5,25000,15389931,1624438.732
basic,50% conflict 50% reads,6,30000,23498974,1276651.483
basic,50% conflict 50% reads,7,35000,19941805,1755106.922
basic,50% conflict 50% reads,8,40000,24018477,1665384.529
basic,50% conflict 50% reads,9,45000,27419806,1641149.467
basic,50% conflict 50% reads,10,50000,30959917,1614991.410
basic,50% conflict 50% reads,11,55000,39288901,1399886.446
basic,50% conflict 50% reads,12,60000,46229694,1297867.124
basic,50% conflict 50% reads,13,65000,41605920,1562277.676
basic,50% conflict 50% reads,14,70000,51392934,1362054.947
basic,50% conflict 50% reads,15,75000,48507108,1546165.152
misframe,50% conflict 50% reads,1,5000,5201579,961246.575
misframe,50% conflict 50% reads,2,10000,6201627,1612480.080
misframe,50% conflict 50% reads,3,15000,13661114,1098007.088
misframe,50% conflict 50% reads,4,20000,16455017,1215434.782
misframe,50% conflict 50% reads,5,25000,17862481,1399581.615
misframe,50% conflict 50% reads,6,30000,28556429,1050551.524
misframe,50% conflict 50% reads,7,35000,24328047,1438668.710
misframe,50% conflict 50% reads,8,40000,28785560,1389585.612
misframe,50% conflict 50% reads,9,45000,32629810,1379107.019
misframe,50% conflict 50% reads,10,50000,36090632,1385401.065
misframe,50% conflict 50% reads,11,55000,44715285,1230004.460
misframe,50% conflict 50% reads,12,60000,60729798,987982.868
misframe,50% conflict 50% reads,13,65000,46693451,1392058.171
misframe,50% conflict 50% reads,14,70000,56076260,1248300.083
misframe,50% conflict 50% reads,15,75000,55202344,1358637.959
sync map,50% conflict 50% reads,1,5000,3920819,1275243.769
sync map,50% conflict 50% reads,2,10000,6841447,1461679.086
sync map,50% conflict 50% reads,3,15000,10285266,1458396.895
sync map,50% conflict 50% reads,4,20000,15557078,1285588.463
sync map,50% conflict 50% reads,5,25000,23509826,1063385.156
sync map,50% conflict 50% reads,6,30000,20090717,1493226.947
sync map,50% conflict 50% reads,7,35000,21414062,1634440.024
sync map,50% conflict 50% reads,8,40000,24156299,1655882.799
sync map,50% conflict 50% reads,9,45000,29955333,1502236.680
sync map,50% conflict 50% reads,10,50000,34536905,1447726.714
sync map,50% conflict 50% reads,11,55000,35546315,1547277.123
sync map,50% conflict 50% reads,12,60000,47894952,1252741.625
sync map,50% conflict 50% reads,13,65000,47184969,1377557.332
sync map,50% conflict 50% reads,14,70000,47196288,1483167.490
sync map,50% conflict 50% reads,15,75000,50230023,1493130.911
shard,50% conflict 50% reads,1,5000,2991231,1671552.615
shard,50% conflict 50% reads,2,10000,5081395,1967963.522
shard,50% conflict 50% reads,3,15000,8481045,1768649.972
shard,50% conflict 50% reads,4,20000,10180678,1964505.704
shard,50% conflict 50% reads,5,25000,12678080,1971907.418
shard,50% conflict 50% reads,6,30000,25448133,1178868.407
shard,50% conflict 50% reads,7,35000,20853729,1678356.902
shard,50% conflict 50% reads,8,40000,25276244,1582513.604
shard,50% conflict 50% reads,9,45000,28426127,1583050.691
shard,50% conflict 50% reads,10,50000,33251053,1503711.777
shard,50% conflict 50% reads,11,55000,35989016,1528244.062
shard,50% conflict 50% reads,12,60000,40276244,1489711.901
shard,50% conflict 50% reads,13,65000,43853978,1482191.650
shard,50% conflict 50% reads,14,70000,47381997,1477354.363
shard,50% conflict 50% reads,15,75000,51008443,1470344.821
basic,50% conflict 50% reads,1,5000,3682069,1357932.184
basic,50% conflict 50% reads,2,10000,6671384,1498939.351
basic,50% conflict 50% reads,3,15000,7599337,1973856.404
basic,50% conflict 50% reads,4,20000,21202098,943302.875
basic,50% conflict 50% reads,5,25000,14490872,1725223.989
basic,50% conflict 50% reads,6,30000,16898760,1775278.186
basic,50% conflict 50% reads,7,35000,20767879,1685294.873
basic,50% conflict 50% reads,8,40000,24848383,1609762.696
basic,50% conflict 50% reads,9,45000,28878724,1558240.593
basic,50% conflict 50% reads,10,50000,32733994,1527464.079
basic,50% conflict 50% reads,11,55000,34526272,1592989.825
basic,50% conflict 50% reads,12,60000,39165609,1531956.263
basic,50% conflict 50% reads,13,65000,41648992,1560662.020
basic,50% conflict 50% reads,14,70000,44941389,1557584.257
basic,50% conflict 50% reads,15,75000,47984329,1563010.290
misframe,50% conflict 50% reads,1,5000,2959334,1689569.342
misframe,50% conflict 50% reads,2,10000,6254071,1598958.502
misframe,50% conflict 50% reads,3,15000,10543868,1422627.825
misframe,50% conflict 50% reads,4,20000,15900368,1257832.523
misframe,50% conflict 50% reads,5,25000,18579803,1345547.098
misframe,50% conflict 50% reads,6,30000,22043329,1360955.961
misframe,50% conflict 50% reads,7,35000,26263597,1332643.050
misframe,50% conflict 50% reads,8,40000,32688553,1223669.950
misframe,50% conflict 50% reads,9,45000,41527891,1083609.086
misframe,50% conflict 50% reads,10,50000,35118050,1423769.258
misframe,50% conflict 50% reads,11,55000,39448068,1394238.116
misframe,50% conflict 50% reads,12,60000,45839179,1308923.967
misframe,50% conflict 50% reads,13,65000,47891293,1357240.449
misframe,50% conflict 50% reads,14,70000,54882028,1275463.071
misframe,50% conflict 50% reads,15,75000,55220698,1358186.381
sync map,50% conflict 50% reads,1,5000,3790778,1318990.455
sync map,50% conflict 50% reads,2,10000,5111457,1956389.343
sync map,50% conflict 50% reads,3,15000,7527242,1992761.758
sync map,50% conflict 50% reads,4,20000,10617699,1883647.295
sync map,50% conflict 50% reads,5,25000,34549836,723592.436
sync map,50% conflict 50% reads,6,30000,21530978,1393341.259
sync map,50% conflict 50% reads,7,35000,27138573,1289677.243
sync map,50% conflict 50% reads,8,40000,26597984,1503873.376
sync map,50% conflict 50% reads,9,45000,29853851,1507343.223
sync map,50% conflict 50% reads,10,50000,33758415,1481112.191
sync map,50% conflict 50% reads,11,55000,37358295,1472229.929
sync map,50% conflict 50% reads,12,60000,40894816,1467178.627
sync map,50% conflict 50% reads,13,65000,44940775,1446347.999
sync map,50% conflict 50% reads,14,70000,49080913,1426216.338
sync map,50% conflict 50% reads,15,75000,53462599,1402849.869
shard,50% conflict 50% reads,1,5000,3146019,1589310.173
shard,50% conflict 50% reads,2,10000,5469298,1828388.214
shard,50% conflict 50% reads,3,15000,7611827,1970617.567
shard,50% conflict 50% reads,4,20000,10073508,1985405.680
shard,50% conflict 50% reads,5,25000,13150711,1901037.898
shard,50% conflict 50% reads,6,30000,16699759,1796433.110
shard,50% conflict 50% reads,7,35000,20778667,1684419.891
shard,50% conflict 50% reads,8,40000,25111636,1592887.058
shard,50% conflict 50% reads,9,45000,28849830,1559801.219
shard,50% conflict 50% reads,10,50000,31988834,1563045.405
shard,50% conflict 50% reads,11,55000,35459739,1551054.846
shard,50% conflict 50% reads,12,60000,39291833,1527034.893
shard,50% conflict 50% reads,13,65000,43682655,1488004.793
shard,50% conflict 50% reads,14,70000,47479045,1474334.625
shard,50% conflict 50% reads,15,75000,50700425,1479277.541
basic,50% conflict 50% reads,1,5000,2999571,1666905.034
basic,50% conflict 50% reads,2,10000,5384717,1857107.811
basic,50% conflict 50% reads,3,15000,7281387,2060047.076
basic,50% conflict 50% reads,4,20000,13121393,1524228.411
basic,50% conflict 50% reads,5,25000,14774022,1692159.386
basic,50% conflict 50% reads,6,30000,18200722,1648286.260
basic,50% conflict 50% reads,7,35000,23245892,1505642.373
basic,50% conflict 50% reads,8,40000,38040459,1051512.023
basic,50% conflict 50% reads,9,45000,29815285,1509292.968
basic,50% conflict 50% reads,10,50000,35396677,1412561.976
basic,50% conflict 50% reads,11,55000,35839466,1534621.079
basic,50% conflict 50% reads,12,60000,38713058,1549864.648
basic,50% conflict 50% reads,13,65000,42250281,1538451.306
basic,50% conflict 50% reads,14,70000,45286462,1545715.804
basic,50% conflict 50% reads,15,75000,49458826,1516412.864
misframe,50% conflict 50% reads,1,5000,2880458,1735835.065
misframe,50% conflict 50% reads,2,10000,5954448,1679416.799
misframe,50% conflict 50% reads,3,15000,10119630,1482267.632
misframe,50% conflict 50% reads,4,20000,15568263,1284664.834
misframe,50% conflict 50% reads,5,25000,17960206,1391966.217
misframe,50% conflict 50% reads,6,30000,21207073,1414622.376
misframe,50% conflict 50% reads,7,35000,24897325,1405773.512
misframe,50% conflict 50% reads,8,40000,28879254,1385077.329
misframe,50% conflict 50% reads,9,45000,34129640,1318502.041
misframe,50% conflict 50% reads,10,50000,38417461,1301491.528
misframe,50% conflict 50% reads,11,55000,39395933,1396083.195
misframe,50% conflict 50% reads,12,60000,53825928,1114704.423
misframe,50% conflict 50% reads,13,65000,51603229,1259611.099
misframe,50% conflict 50% reads,14,70000,50834308,1377022.778
misframe,50% conflict 50% reads,15,75000,57226861,1310573.369
sync map,50% conflict 50% reads,1,5000,3895055,1283678.921
sync map,50% conflict 50% reads,2,10000,5687176,1758341.926
sync map,50% conflict 50% reads,3,15000,7639870,1963384.194
sync map,50% conflict 50% reads,4,20000,10913554,1832583.593
sync map,50% conflict 50% reads,5,25000,13957677,1791128.997
sync map,50% conflict 50% reads,6,30000,17598750,1704666.525
sync map,50% conflict 50% reads,7,35000,21173801,1652986.160
sync map,50% conflict 50% reads,8,40000,24439527,1636692.887
sync map,50% conflict 50% reads,9,45000,28401904,1584400.820
sync map,50% conflict 50% reads,10,50000,32631488,1532262.335
sync map,50% conflict 50% reads,11,55000,39060599,1408068.524
sync map,50% conflict 50% reads,12,60000,41227702,1455332.145
sync map,50% conflict 50% reads,13,65000,45179701,1438699.207
sync map,50% conflict 50% reads,14,70000,48546811,1441907.276
sync map,50% conflict 50% reads,15,75000,51910020,1444807.765
shard,50% conflict 50% reads,1,5000,2865945,1744625.246
shard,50% conflict 50% reads,2,10000,5082795,1967421.468
shard,50% conflict 50% reads,3,15000,7252645,2068210.977
shard,50% conflict 50% reads,4,20000,9891246,2021989.949
shard,50% conflict 50% reads,5,25000,12768072,1958009.009
shard,50% conflict 50% reads,6,30000,16220328,1849531.033
shard,50% conflict 50% reads,7,35000,20697560,1691020.584
shard,50% conflict 50% reads,8,40000,25052309,1596659.214
shard,50% conflict 50% reads,9,45000,28850614,1559758.832
shard,50% conflict 50% reads,10,50000,33143587,1508587.468
shard,50% conflict 50% reads,11,55000,34578415,1590587.654
shard,50% conflict 50% reads,12,60000,37002641,1621505.881
shard,50% conflict 50% reads,13,65000,40537816,1603441.093
shard,50% conflict 50% reads,14,70000,43173934,1621348.659
shard,50% conflict 50% reads,15,75000,45713495,1640653.378
basic,50% conflict 50% reads,1,5000,2977441,1679294.401
basic,50% conflict 50% reads,2,10000,5333210,1875043.360
basic,50% conflict 50% reads,3,15000,7198349,2083811.163
basic,50% conflict 50% reads,4,20000,11243035,1778879.102
basic,50% conflict 50% reads,5,25000,14605471,1711687.353
basic,50% conflict 50% reads,6,30000,15877680,1889444.806
basic,50% conflict 50% reads,7,35000,19689331,1777612.454
basic,50% conflict 50% reads,8,40000,22447366,1781946.265
basic,50% conflict 50% reads,9,45000,26028445,1728877.772
basic,50% conflict 50% reads,10,50000,29523986,1693538.264
basic,50% conflict 50% reads,11,55000,33891258,1622837.370
basic,50% conflict 50% reads,12,60000,37066523,1618711.310
basic,50% conflict 50% reads,13,65000,41486977,1566756.720
basic,50% conflict 50% reads,14,70000,50039415,1398897.249
basic,50% conflict 50% reads,15,75000,65504405,1144961.167
misframe,50% conflict 50% reads,1,5000,2856005,1750697.215
misframe,50% conflict 50% reads,2,10000,6435756,1553819.007
misframe,50% conflict 50% reads,3,15000,10060988,1490907.255
misframe,50% conflict 50% reads,4,20000,15551243,1286070.830
misframe,50% conflict 50% reads,5,25000,18639193,1341259.785
misframe,50% conflict 50% reads,6,30000,21474015,1397037.303
misframe,50% conflict 50% reads,7,35000,27690263,1263982.216
misframe,50% conflict 50% reads,8,40000,33067598,1209643.349
misframe,50% conflict 50% reads,9,45000,32759421,1373650.652
misframe,50% conflict 50% reads,10,50000,36494346,1370075.244
misframe,50% conflict 50% reads,11,55000,39922399,1377672.720
misframe,50% conflict 50% reads,12,60000,43331019,1384689.338
misframe,50% conflict 50% reads,13,65000,47552957,1366897.121
misframe,50% conflict 50% reads,14,70000,62140612,1126477.480
misframe,50% conflict 50% reads,15,75000,54814984,1368239.020
sync map,50% conflict 50% reads,1,5000,3883770,1287408.884
sync map,50% conflict 50% reads,2,10000,5118668,1953633.250
sync map,50% conflict 50% reads,3,15000,7550498,1986623.929
sync map,50% conflict 50% reads,4,20000,10514151,1902198.285
sync map,50% conflict 50% reads,5,25000,15177957,1647125.499
sync map,50% conflict 50% reads,6,30000,24084421,1245618.485
sync map,50% conflict 50% reads,7,35000,21431471,1633112.351
sync map,50% conflict 50% reads,8,40000,25399715,1574820.820
sync map,50% conflict 50% reads,9,45000,29555264,1522571.411
sync map,50% conflict 50% reads,10,50000,33675292,1484768.120
sync map,50% conflict 50% reads,11,55000,37389547,1470999.368
sync map,50% conflict 50% reads,12,60000,41653714,1440447.783
sync map,50% conflict 50% reads,13,65000,45024838,1443647.615
sync map,50% conflict 50% reads,14,70000,52296928,1338510.744
sync map,50% conflict 50% reads,15,75000,52379635,1431854.193
shard,50% conflict 50% reads,1,5000,3113661,1605826.710
shard,50% conflict 50% reads,2,10000,5359308,1865912.539
shard,50% conflict 50% reads,3,15000,7495331,2001245.842
shard,50% conflict 50% reads,4,20000,10331625,1935803.903
shard,50% conflict 50% reads,5,25000,13053404,1915209.244
shard,50% conflict 50% reads,6,30000,16494053,1818837.371
shard,50% conflict 50% reads,7,35000,21441162,1632374.216
shard,50% conflict 50% reads,8,40000,23366735,1711835.222
shard,50% conflict 50% reads,9,45000,27482570,1637401.451
shard,50% conflict 50% reads,10,50000,30889519,1618672.016
shard,50% conflict 50% reads,11,55000,36008831,1527403.097
shard,50% conflict 50% reads,12,60000,39796677,1507663.567
shard,50% conflict 50% reads,13,65000,44427957,1463042.741
shard,50% conflict 50% reads,14,70000,47035145,1488248.840
shard,50% conflict 50% reads,15,75000,49545518,1513759.529
basic,50% conflict 50% reads,1,5000,3130480,1597199.152
basic,50% conflict 50% reads,2,10000,5471399,1827686.118
basic,50% conflict 50% reads,3,15000,7686636,1951438.835
basic,50% conflict 50% reads,4,20000,12467455,1604176.634
basic,50% conflict 50% reads,5,25000,15212089,1643429.775
basic,50% conflict 50% reads,6,30000,27830062,1077971.008
basic,50% conflict 50% reads,7,35000,23221872,1507199.764
basic,50% conflict 50% reads,8,40000,25924257,1542956.467
basic,50% conflict 50% reads,9,45000,27461034,1638685.564
basic,50% conflict 50% reads,10,50000,30573001,1635429.901
basic,50% conflict 50% reads,11,55000,33150810,1659084.650
basic,50% conflict 50% reads,12,60000,35813390,1675351.035
basic,50% conflict 50% reads,13,65000,40156325,1618674.020
basic,50% conflict 50% reads,14,70000,45964373,1522918.631
basic,50% conflict 50% reads,15,75000,49421151,1517568.864
misframe,50% conflict 50% reads,1,5000,2883397,1734065.756
misframe,50% conflict 50% reads,2,10000,6116552,1634908.033
misframe,50% conflict 50% reads,3,15000,9333205,1607164.956
misframe,50% conflict 50% reads,4,20000,19198251,1041761.565
misframe,50% conflict 50% reads,5,25000,18817796,1328529.654
misframe,50% conflict 50% reads,6,30000,21373022,1403638.662
misframe,50% conflict 50% reads,7,35000,24822017,1410038.515
misframe,50% conflict 50% reads,8,40000,28407189,1408094.268
misframe,50% conflict 50% reads,9,45000,31791268,1415483.019
misframe,50% conflict 50% reads,10,50000,35448388,1410501.375
misframe,50% conflict 50% reads,11,55000,45593082,1206323.363
misframe,50% conflict 50% reads,12,60000,51709792,1160321.821
misframe,50% conflict 50% reads,13,65000,48501058,1340176.950
misframe,50% conflict 50% reads,14,70000,50183834,1394871.504
misframe,50% conflict 50% reads,15,75000,55656994,1347539.538
sync map,50% conflict 50% reads,1,5000,3806313,1313607.157
sync map,50% conflict 50% reads,2,10000,5284468,1892338.075
sync map,50% conflict 50% reads,3,15000,7683252,1952298.324
sync map,50% conflict 50% reads,4,20000,10613084,1884466.381
sync map,50% conflict 50% reads,5,25000,14527370,1720889.604
sync map,50% conflict 50% reads,6,30000,17651780,1699545.315
sync map,50% conflict 50% reads,7,35000,21430177,1633210.962
sync map,50% conflict 50% reads,8,40000,25592475,1562959.425
sync map,50% conflict 50% reads,9,45000,29440429,1528510.335
sync map,50% conflict 50% reads,10,50000,35198239,1420525.612
sync map,50% conflict 50% reads,11,55000,39332674,1398328.525
sync map,50% conflict 50% reads,12,60000,41367837,1450402.157
sync map,50% conflict 50% reads,13,65000,43693796,1487625.383
sync map,50% conflict 50% reads,14,70000,45871247,1526010.400
sync map,50% conflict 50% reads,15,75000,50489000,1485472.083
shard,50% conflict 50% reads,1,5000,3046138,1641422.680
shard,50% conflict 50% reads,2,10000,5384950,1857027.456
shard,50% conflict 50% reads,3,15000,7455903,2011828.748
shard,50% conflict 50% reads,4,20000,10220533,1956845.108
shard,50% conflict 50% reads,5,25000,13787440,1813244.518
shard,50% conflict 50% reads,6,30000,15812787,1897198.767
shard,50% conflict 50% reads,7,35000,21243823,1647537.734
shard,50% conflict 50% reads,8,40000,24787386,1613724.013
shard,50% conflict 50% reads,9,45000,35926209,1252567.450
shard,50% conflict 50% reads,10,50000,31550498,1584761.039
shard,50% conflict 50% reads,11,55000,35209607,1562073.669
shard,50% conflict 50% reads,12,60000,39081262,1535262.602
shard,50% conflict 50% reads,13,65000,42174006,1541233.716
shard,50% conflict 50% reads,14,70000,46526940,1504504.702
shard,50% conflict 50% reads,15,75000,49766900,1507025.754
basic,50% conflict 50% reads,1,5000,3050214,1639229.248
basic,50% conflict 50% reads,2,10000,6277151,1593079.408
basic,50% conflict 50% reads,3,15000,7909217,1896521.489
basic,50% conflict 50% reads,4,20000,11194193,1786640.627
basic,50% conflict 50% reads,5,25000,13420526,1862818.194
basic,50% conflict 50% reads,6,30000,16692605,1797203.013
basic,50% conflict 50% reads,7,35000,19903309,1758501.564
basic,50% conflict 50% reads,8,40000,23004634,1738780.108
basic,50% conflict 50% reads,9,45000,26964063,1668887.957
basic,50% conflict 50% reads,10,50000,29011426,1723458.888
basic,50% conflict 50% reads,11,55000,33213318,1655962.226
basic,50% conflict 50% reads,12,60000,36695170,1635092.575
basic,50% conflict 50% reads,13,65000,52066862,1248394.804
basic,50% conflict 50% reads,14,70000,45494022,1538663.695
basic,50% conflict 50% reads,15,75000,55380822,1354259.422
misframe,50% conflict 50% reads,1,5000,2881849,1734997.219
misframe,50% conflict 50% reads,2,10000,5952119,1680073.937
misframe,50% conflict 50% reads,3,15000,10780292,1391427.987
misframe,50% conflict 50% reads,4,20000,15939772,1254723.091
misframe,50% conflict 50% reads,5,25000,17966538,1391475.642
misframe,50% conflict 50% reads,6,30000,21771996,1377916.843
misframe,50% conflict 50% reads,7,35000,27446654,1275200.977
misframe,50% conflict 50% reads,8,40000,30702978,1302805.220
misframe,50% conflict 50% reads,9,45000,34077190,1320531.417
misframe,50% conflict 50% reads,10,50000,35776757,1397555.402
misframe,50% conflict 50% reads,11,55000,39047173,1408552.676
misframe,50% conflict 50% reads,12,60000,42755898,1403315.164
misframe,50% conflict 50% reads,13,65000,48252582,1347078.173
misframe,50% conflict 50% reads,14,70000,52506415,1333170.433
misframe,50% conflict 50% reads,15,75000,56621432,1324586.775
sync map,50% conflict 50% reads,1,5000,4099465,1219671.347
sync map,50% conflict 50% reads,2,10000,5361861,1865024.103
sync map,50% conflict 50% reads,3,15000,10175394,1474144.392
sync map,50% conflict 50% reads,4,20000,25845718,773822.573
sync map,50% conflict 50% reads,5,25000,14172873,1763933.114
sync map,50% conflict 50% reads,6,30000,17724728,1692550.656
sync map,50% conflict 50% reads,7,35000,21230563,1648566.738
sync map,50% conflict 50% reads,8,40000,24347968,1642847.567
sync map,50% conflict 50% reads,9,45000,29432874,1528902.682
sync map,50% conflict 50% reads,10,50000,33048710,1512918.356
sync map,50% conflict 50% reads,11,55000,37465250,1468027.038
sync map,50% conflict 50% reads,12,60000,41831825,1434314.664
sync map,50% conflict 50% reads,13,65000,47278616,1374828.739
sync map,50% conflict 50% reads,14,70000,50001063,1399970.237
sync map,50% conflict 50% reads,15,75000,53123676,1411799.891
shard,50% conflict 50% reads,1,5000,2899407,1724490.560
shard,50% conflict 50% reads,2,10000,5135142,1947365.818
shard,50% conflict 50% reads,3,15000,7240325,2071730.205
shard,50% conflict 50% reads,4,20000,10565982,1892867.128
shard,50% conflict 50% reads,5,25000,13697733,1825119.529
shard,50% conflict 50% reads,6,30000,16499397,1818248.267
shard,50% conflict 50% reads,7,35000,20949468,1670686.816
shard,50% conflict 50% reads,8,40000,25235701,1585056.028
shard,50% conflict 50% reads,9,45000,29031896,1550019.330
shard,50% conflict 50% reads,10,50000,33811961,1478766.641
shard,50% conflict 50% reads,11,55000,36360848,1512615.987
shard,50% conflict 50% reads,12,60000,41137164,1458535.158
shard,50% conflict 50% reads,13,65000,45480976,1429168.978
shard,50% conflict 50% reads,14,70000,48805441,1434266.315
shard,50% conflict 50% reads,15,75000,52283354,1434490.985
basic,50% conflict 50% reads,1,5000,2980318,1677673.322
basic,50% conflict 50% reads,2,10000,5170625,1934002.176
basic,50% conflict 50% reads,3,15000,20815652,720611.586
basic,50% conflict 50% reads,4,20000,10849499,1843403.092
basic,50% conflict 50% reads,5,25000,14489384,1725401.163
basic,50% conflict 50% reads,6,30000,18497347,1621854.204
basic,50% conflict 50% reads,7,35000,21304223,1642866.769
basic,50% conflict 50% reads,8,40000,26798323,1492630.714
basic,50% conflict 50% reads,9,45000,30021753,1498913.138
basic,50% conflict 50% reads,10,50000,31792475,1572699.200
basic,50% conflict 50% reads,11,55000,35833661,1534869.686
basic,50% conflict 50% reads,12,60000,41589307,1442678.523
basic,50% conflict 50% reads,13,65000,43697978,1487483.014
basic,50% conflict 50% reads,14,70000,47932101,1460399.159
basic,50% conflict 50% reads,15,75000,52654556,1424378.168
misframe,50% conflict 50% reads,1,5000,2890612,1729737.509
misframe,50% conflict 50% reads,2,10000,6139305,1628848.868
misframe,50% conflict 50% reads,3,15000,11126843,1348091.278
misframe,50% conflict 50% reads,4,20000,15652748,1277730.913
misframe,50% conflict 50% reads,5,25000,17795014,1404887.908
misframe,50% conflict 50% reads,6,30000,21046798,1425394.970
misframe,50% conflict 50% reads,7,35000,25027094,1398484.379
misframe,50% conflict 50% reads,8,40000,28559119,1400603.429
misframe,50% conflict 50% reads,9,45000,33624594,1338306.122
misframe,50% conflict 50% reads,10,50000,46116257,1084216.353
misframe,50% conflict 50% reads,11,55000,44842120,1226525.419
misframe,50% conflict 50% reads,12,60000,43935878,1365626.516
misframe,50% conflict 50% reads,13,65000,48635357,1336476.259
misframe,50% conflict 50% reads,14,70000,52826338,1325096.583
misframe,50% conflict 50% reads,15,75000,54619975,1373124.027
sync map,50% conflict 50% reads,1,5000,3833976,1304129.186
sync map,50% conflict 50% reads,2,10000,5311485,1882712.650
sync map,50% conflict 50% reads,3,15000,7362459,2037362.789
sync map,50% conflict 50% reads,4,20000,11736270,1704118.941
sync map,50% conflict 50% reads,5,25000,14409838,1734925.819
sync map,50% conflict 50% reads,6,30000,17686218,1696236.018
sync map,50% conflict 50% reads,7,35000,21152315,1654665.222
sync map,50% conflict 50% reads,8,40000,25205368,1586963.539
sync map,50% conflict 50% reads,9,45000,29284296,1536659.785
sync map,50% conflict 50% reads,10,50000,35141957,1422800.671
sync map,50% conflict 50% reads,11,55000,37692307,1459183.700
sync map,50% conflict 50% reads,12,60000,41585443,1442812.573
sync map,50% conflict 50% reads,13,65000,45768598,1420187.702
sync map,50% conflict 50% reads,14,70000,49730974,1407573.477
sync map,50% conflict 50% reads,15,75000,54390947,1378905.942
shard,50% conflict 50% reads,1,5000,2869722,1742329.048
shard,50% conflict 50% reads,2,10000,4931302,2027862.013
shard,50% conflict 50% reads,3,15000,7282735,2059665.771
shard,50% conflict 50% reads,4,20000,10387605,1925371.633
shard,50% conflict 50% reads,5,25000,13047924,1916013.613
shard,50% conflict 50% reads,6,30000,16648632,1801949.854
shard,50% conflict 50% reads,7,35000,21410059,1634745.612
shard,50% conflict 50% reads,8,40000,31231783,1280746.604
shard,50% conflict 50% reads,9,45000,29036766,1549759.364
shard,50% conflict 50% reads,10,50000,33512730,1491970.365
shard,50% conflict 50% reads,11,55000,36909960,1490112.696
shard,50% conflict 50% reads,12,60000,41388340,1449683.655
shard,50% conflict 50% reads,13,65000,44591128,1457689.072
shard,50% conflict 50% reads,14,70000,48381781,1446825.614
shard,50% conflict 50% reads,15,75000,53019905,1414563.078
basic,50% conflict 50% reads,1,5000,2954854,1692130.982
basic,50% conflict 50% reads,2,10000,5118402,1953734.779
basic,50% conflict 50% reads,3,15000,7389405,2029933.398
basic,50% conflict 50% reads,4,20000,11521449,1735892.768
basic,50% conflict 50% reads,5,25000,15047299,1661427.742
basic,50% conflict 50% reads,6,30000,17312501,1732851.885
basic,50% conflict 50% reads,7,35000,20931117,1672151.563
basic,50% conflict 50% reads,8,40000,26696412,1498328.689
basic,50% conflict 50% reads,9,45000,29896048,1505215.673
basic,50% conflict 50% reads,10,50000,34856020,1434472.438
basic,50% conflict 50% reads,11,55000,36742138,1496918.878
basic,50% conflict 50% reads,12,60000,43251753,1387227.010
basic,50% conflict 50% reads,13,65000,52501793,1238052.956
basic,50% conflict 50% reads,14,70000,48060403,1456500.479
basic,50% conflict 50% reads,15,75000,46552599,1611080.834
misframe,50% conflict 50% reads,1,5000,4222130,1184236.393
misframe,50% conflict 50% reads,2,10000,6970492,1434618.962
misframe,50% conflict 50% reads,3,15000,10741407,1396465.100
misframe,50% conflict 50% reads,4,20000,15069390,1327193.735
misframe,50% conflict 50% reads,5,25000,20666629,1209679.624
misframe,50% conflict 50% reads,6,30000,23129160,1297063.966
misframe,50% conflict 50% reads,7,35000,26339234,1328816.168
misframe,50% conflict 50% reads,8,40000,28413156,1407798.556
misframe,50% conflict 50% reads,9,45000,31365333,1434704.997
misframe,50% conflict 50% reads,10,50000,35673899,1401584.952
misframe,50% conflict 50% reads,11,55000,38747211,1419457.003
misframe,50% conflict 50% reads,12,60000,45215164,1326988.441
misframe,50% conflict 50% reads,13,65000,49101008,1323801.744
misframe,50% conflict 50% reads,14,70000,53954663,1297385.548
misframe,50% conflict 50% reads,15,75000,53786843,1394393.049
sync map,50% conflict 50% reads,1,5000,3801466,1315282.052
sync map,50% conflict 50% reads,2,10000,5298431,1887351.180
sync map,50% conflict 50% reads,3,15000,13263168,1130951.519
sync map,50% conflict 50% reads,4,20000,16753242,1193798.788
sync map,50% conflict 50% reads,5,25000,14012703,1784095.474
sync map,50% conflict 50% reads,6,30000,17695325,1695363.041
sync map,50% conflict 50% reads,7,35000,21471969,1630032.160
sync map,50% conflict 50% reads,8,40000,25444965,1572020.241
sync map,50% conflict 50% reads,9,45000,29123494,1545144.274
sync map,50% conflict 50% reads,10,50000,33698363,1483751.599
sync map,50% conflict 50% reads,11,55000,37703616,1458746.026
sync map,50% conflict 50% reads,12,60000,43567617,1377169.653
sync map,50% conflict 50% reads,13,65000,46411006,1400529.866
sync map,50% conflict 50% reads,14,70000,55111937,1270142.256
sync map,50% conflict 50% reads,15,75000,53158515,1410874.627
shard,50% conflict 50% reads,1,5000,3086739,1619832.451
shard,50% conflict 50% reads,2,10000,5469524,1828312.665
shard,50% conflict 50% reads,3,15000,7610458,1970972.049
shard,50% conflict 50% reads,4,20000,10209539,1958952.309
shard,50% conflict 50% reads,5,25000,12639553,1977918.048
shard,50% conflict 50% reads,6,30000,16506494,1817466.507
shard,50% conflict 50% reads,7,35000,21301048,1643111.644
shard,50% conflict 50% reads,8,40000,26298708,1520987.267
shard,50% conflict 50% reads,9,45000,29214449,1540333.689
shard,50% conflict 50% reads,10,50000,34103729,1466115.333
shard,50% conflict 50% reads,11,55000,37044222,1484711.975
shard,50% conflict 50% reads,12,60000,41306261,1452564.298
shard,50% conflict 50% reads,13,65000,45657121,1423655.250
shard,50% conflict 50% reads,14,70000,49678670,1409055.436
shard,50% conflict 50% reads,15,75000,53939675,1390442.193
basic,50% conflict 50% reads,1,5000,4050276,1234483.773
basic,50% conflict 50% reads,2,10000,5465703,1829590.814
basic,50% conflict 50% reads,3,15000,7630113,1965894.869
basic,50% conflict 50% reads,4,20000,11126982,1797432.583
basic,50% conflict 50% reads,5,25000,15930752,1569291.895
basic,50% conflict 50% reads,6,30000,21826512,1374475.225
basic,50% conflict 50% reads,7,35000,23681873,1477923.642
basic,50% conflict 50% reads,8,40000,25717382,1555368.272
basic,50% conflict 50% reads,9,45000,28583803,1574318.155
basic,50% conflict 50% reads,10,50000,34523248,1448299.418
basic,50% conflict 50% reads,11,55000,35807115,1536007.578
basic,50% conflict 50% reads,12,60000,43176733,1389637.331
basic,50% conflict 50% reads,13,65000,44672459,1455035.193
basic,50% conflict 50% reads,14,70000,52997840,1320808.546
basic,50% conflict 50% reads,15,75000,53957659,1389978.761
misframe,50% conflict 50% reads,1,5000,2953504,1692904.428
misframe,50% conflict 50% reads,2,10000,5754480,1737776.480
misframe,50% conflict 50% reads,3,15000,9922688,1511687.156
misframe,50% conflict 50% reads,4,20000,15672675,1276106.344
misframe,50% conflict 50% reads,5,25000,18186646,1374634.993
misframe,50% conflict 50% reads,6,30000,21461853,1397828.976
misframe,50% conflict 50% reads,7,35000,24549566,1425687.118
misframe,50% conflict 50% reads,8,40000,29557958,1353273.457
misframe,50% conflict 50% reads,9,45000,32141449,1400061.335
misframe,50% conflict 50% reads,10,50000,51777866,965663.591
misframe,50% conflict 50% reads,11,55000,40265279,1365941.113
misframe,50% conflict 50% reads,12,60000,44539327,1347124.082
misframe,50% conflict 50% reads,13,65000,47713808,1362289.088
misframe,50% conflict 50% reads,14,70000,50023727,1399335.959
misframe,50% conflict 50% reads,15,75000,56707884,1322567.423
sync map,50% conflict 50% reads,1,5000,3800732,1315536.060
sync map,50% conflict 50% reads,2,10000,5501984,1817526.187
sync map,50% conflict 50% reads,3,15000,7680688,1952950.048
sync map,50% conflict 50% reads,4,20000,10652332,1877523.156
sync map,50% conflict 50% reads,5,25000,14084774,1774966.357
sync map,50% conflict 50% reads,6,30000,17708048,1694144.945
sync map,50% conflict 50% reads,7,35000,21453580,1631429.347
sync map,50% conflict 50% reads,8,40000,25061528,1596071.876
sync map,50% conflict 50% reads,9,45000,30791022,1461464.969
sync map,50% conflict 50% reads,10,50000,38804970,1288494.747
sync map,50% conflict 50% reads,11,55000,38388409,1432724.133
sync map,50% conflict 50% reads,12,60000,41928437,1431009.699
sync map,50% conflict 50% reads,13,65000,45376597,1432456.471
sync map,50% conflict 50% reads,14,70000,48889823,1431790.825
sync map,50% conflict 50% reads,15,75000,52771468,1421222.544
shard,50% conflict 50% reads,1,5000,3110362,1607529.927
shard,50% conflict 50% reads,2,10000,5040632,1983878.212
shard,50% conflict 50% reads,3,15000,7217087,2078400.884
shard,50% conflict 50% reads,4,20000,11520433,1736045.859
shard,50% conflict 50% reads,5,25000,16031782,1559402.442
shard,50% conflict 50% reads,6,30000,23738273,1263781.910
shard,50% conflict 50% reads,7,35000,19649355,1781228.951
shard,50% conflict 50% reads,8,40000,24134080,1657407.285
shard,50% conflict 50% reads,9,45000,24609173,1828586.438
shard,50% conflict 50% reads,10,50000,31719464,1576319.196
shard,50% conflict 50% reads,11,55000,35740071,1538888.941
shard,50% conflict 50% reads,12,60000,36808374,1630063.854
shard,50% conflict 50% reads,13,65000,40358367,1610570.616
shard,50% conflict 50% reads,14,70000,44120436,1586566.370
shard,50% conflict 50% reads,15,75000,48485969,1546839.252
basic,50% conflict 50% reads,1,5000,2966577,1685444.201
basic,50% conflict 50% reads,2,10000,5742890,1741283.570
basic,50% conflict 50% reads,3,15000,7432830,2018073.870
basic,50% conflict 50% reads,4,20000,11425320,1750498.017
basic,50% conflict 50% reads,5,25000,14645001,1707067.142
basic,50% conflict 50% reads,6,30000,17383814,1725743.269
basic,50% conflict 50% reads,7,35000,20499496,1707359.049
basic,50% conflict 50% reads,8,40000,23804626,1680345.661
basic,50% conflict 50% reads,9,45000,28121191,1600216.719
basic,50% conflict 50% reads,10,50000,30431052,1643058.544
basic,50% conflict 50% reads,11,55000,37846834,1453225.916
basic,50% conflict 50% reads,12,60000,47695853,1257971.002
basic,50% conflict 50% reads,13,65000,53685345,1210758.728
basic,50% conflict 50% reads,14,70000,51488166,1359535.704
basic,50% conflict 50% reads,15,75000,53707941,1396441.543
misframe,50% conflict 50% reads,1,5000,2972268,1682217.081
misframe,50% conflict 50% reads,2,10000,6052405,1652235.764
misframe,50% conflict 50% reads,3,15000,9855692,1521963.146
misframe,50% conflict 50% reads,4,20000,16684009,1198752.650
misframe,50% conflict 50% reads,5,25000,20280983,1232681.868
misframe,50% conflict 50% reads,6,30000,22667416,1323485.659
misframe,50% conflict 50% reads,7,35000,25049702,1397222.210
misframe,50% conflict 50% reads,8,40000,28614343,1397900.347
misframe,50% conflict 50% reads,9,45000,32403526,1388737.757
misframe,50% conflict 50% reads,10,50000,35485200,1409038.134
misframe,50% conflict 50% reads,11,55000,42884192,1282523.873
misframe,50% conflict 50% reads,12,60000,45385987,1321993.945
misframe,50% conflict 50% reads,13,65000,50640354,1283561.327
misframe,50% conflict 50% reads,14,70000,54291461,1289337.194
misframe,50% conflict 50% reads,15,75000,69940031,1072347.251
sync map,50% conflict 50% reads,1,5000,4008251,1247426.870
sync map,50% conflict 50% reads,2,10000,5663884,1765572.882
sync map,50% conflict 50% reads,3,15000,7795644,1924151.488
sync map,50% conflict 50% reads,4,20000,11017528,1815289.237
sync map,50% conflict 50% reads,5,25000,14516973,1722122.098
sync map,50% conflict 50% reads,6,30000,17707565,1694191.155
sync map,50% conflict 50% reads,7,35000,21574839,1622260.078
sync map,50% conflict 50% reads,8,40000,26047711,1535643.573
sync map,50% conflict 50% reads,9,45000,29690505,1515636.059
sync map,50% conflict 50% reads,10,50000,34748010,1438931.323
sync map,50% conflict 50% reads,11,55000,38450306,1430417.745
sync map,50% conflict 50% reads,12,60000,43261699,1386908.082
sync map,50% conflict 50% reads,13,65000,42336546,1535316.556
sync map,50% conflict 50% reads,14,70000,44319995,1579422.561
sync map,50% conflict 50% reads,15,75000,47791909,1569303.289
shard,50% conflict 50% reads,1,5000,3078448,1624195.049
shard,50% conflict 50% reads,2,10000,5570407,1795200.961
shard,50% conflict 50% reads,3,15000,7712886,1944797.317
shard,50% conflict 50% reads,4,20000,10155250,1969424.682
shard,50% conflict 50% reads,5,25000,13367683,1870181.990
shard,50% conflict 50% reads,6,30000,16402517,1828987.588
shard,50% conflict 50% reads,7,35000,22022029,1589317.678
shard,50% conflict 50% reads,8,40000,25225464,1585699.276
shard,50% conflict 50% reads,9,45000,28561289,1575559.142
shard,50% conflict 50% reads,10,50000,32253177,1550234.881
shard,50% conflict 50% reads,11,55000,36704843,1498439.865
shard,50% conflict 50% reads,12,60000,41333196,1451617.726
shard,50% conflict 50% reads,13,65000,45104104,1441110.547
shard,50% conflict 50% reads,14,70000,46841293,1494407.936
shard,50% conflict 50% reads,15,75000,53180263,1410297.651
